Country,Continent,City,Year,ProductPerCapita,UnemploymentRate,ImprovedWater,PhycisianDensityPer1000,InternetAccess,TrafficFatalitiesPer100k,LifeExpectancy,Under5MortalityRate,LiteracyRate,YearsOfSchooling,HomicideRate,Gini,PovertyRate,SlumHouseHolds,YouthUnemployment,CO2Emissions,VoterTurnout
Ghana,Africa,Accra,2015," 3,430.65 ", 7.85 , 94.50 , 0.10 , 17.30 , 22.20 , 61.10 , 78.40 , 68.98 , 6.76 , 1.32 , 0.43 , 2.50 , 36.10 , 8.70 , 0.37 , 80.10 
Kenya,Africa,Nairobi,2015," 8,208.96 ", 11.30 , 81.50 , 0.21 , 50.33 , 20.90 , 61.70 , 64.00 , 96.75 , 10.35 , 6.10 , 0.34 , 43.37 , 44.60 , 17.10 , 0.30 , 85.91 
Liberia,Africa,Monrovia,2015, 707.52 , 28.91 , 87.80 , 0.01 , 4.60 , 19.00 , 60.53 , 71.10 , 42.94 , 3.90 , 5.74 , 0.38 , 83.76 , 58.10 , 5.10 , 0.20 , 38.60 
Nigeria,Africa,Lagos,2015," 3,441.94 ", 27.60 , 92.10 , 0.40 , 38.00 , 33.70 , 51.00 , 30.77 , 89.00 , 5.20 , 20.00 , 0.64 , 62.03 , 44.10 , 13.60 , 0.49 , 53.68 
South Africa,Africa,Cape Town,2015," 15,770.36 ", 23.90 , 99.20 , 0.78 , 49.30 , 31.90 , 56.74 , 43.90 , 93.73 , 9.90 , 59.90 , 0.67 , 9.42 , 19.50 , 31.90 , 9.06 , 73.48 
South Africa,Africa,Johannesburg,2015," 17,433.48 ", 25.00 , 87.30 , 0.78 , 49.60 , 31.90 , 56.74 , 43.90 , 93.73 , 9.90 , 30.80 , 0.75 , 9.42 , 20.50 , 31.50 , 9.06 , 73.48 
Tanzania,Africa,Dar es Salaam,2015," 3,328.37 ", 5.70 , 88.50 , 0.03 , 4.40 , 22.70 , 61.50 , 94.00 , 96.10 , 6.90 , 12.80 , 0.11 , 12.98 , 44.90 , 6.60 , 0.15 , 42.84 
Uganda,Africa,Kampala,2015," 2,084.06 ", 11.40 , 97.30 , 0.12 , 16.20 , 28.90 , 59.19 , 65.00 , 92.00 , 5.40 , 12.00 , 0.34 , 37.78 , 31.80 , 5.40 , 0.11 , 59.29 
Zambia,Africa,Lusaka,2015," 3,734.22 ", 38.17 , 92.30 , 0.17 , 15.40 , 23.80 , 58.09 , 87.40 , 61.43 , 6.50 , 9.47 , 0.54 , 74.32 , 46.30 , 15.22 , 0.18 , 53.60 
Zimbabwe,Africa,Harare,2015," 2,466.02 ", 16.69 , 100.00 , 0.06 , 16.00 , 14.60 , 43.50 , 77.40 , 99.00 , 7.20 , 10.60 , 0.38 , 72.00 , 27.40 , 31.99 , 0.72 , 54.38 
Egypt,Africa,Alexandria city,2016," 8,238.54 ", 16.56 , 93.35 , 2.09 , 52.03 , 5.24 , 72.00 , 21.90 , 80.70 , 13.30 , 75.84 , 0.32 , 6.40 ,, 14.15 , 2.62 , 28.27 
Egypt,Africa,Areesh,2016," 10,869.57 ", 10.51 , 90.85 , 2.06 , 47.89 , 57.75 , 71.20 , 33.80 , 86.83 , 13.30 , 81.06 , 0.23 , -   ,, 8.95 , 2.62 , 28.27 
Egypt,Africa,Armant,2016," 7,013.86 ", 15.74 , 83.35 , 0.84 , 47.93 , 18.21 , 69.80 , 29.98 , 69.91 , 13.30 ,, 0.24 , 40.90 ,, 15.38 , 2.62 , 28.27 
Egypt,Africa,Aswan,2016," 6,754.56 ", 16.03 , 83.38 , 0.53 , 41.77 , 29.04 , 71.20 , 28.15 , 82.85 , 13.30 , 26.05 , 0.23 , 18.40 ,, 17.45 , 2.62 , 28.27 
Egypt,Africa,Banha,2016," 8,617.78 ", 15.26 , 96.32 , 4.26 , 46.17 , 23.61 , 72.70 , 35.21 , 86.43 , 13.30 , 72.96 , 0.26 , 11.30 ,, 13.19 , 2.62 , 28.27 
Egypt,Africa,Belbeis,2016," 8,028.62 ", 18.46 , 95.26 , 2.69 , 41.71 , 24.67 , 71.20 , 18.64 , 76.46 , 13.30 ,, 0.26 , 19.20 ,, 14.34 , 2.62 , 28.27 
Egypt,Africa,Damietta,2016," 9,417.26 ", 12.39 , 92.94 , 4.89 , 42.31 , 25.92 , 72.60 ,, 82.09 , 13.30 , 30.81 , 0.27 , 1.10 ,, 11.77 , 2.62 , 28.27 
Egypt,Africa,Edco,2016," 8,633.20 ", 15.02 , 88.15 , 2.10 , 33.89 , 55.30 , 71.50 , 15.85 , 68.97 , 13.30 , 27.95 , 0.27 , 23.50 ,, 18.75 , 2.62 , 28.27 
Egypt,Africa,Elbadary,2016," 7,149.40 ", 13.57 , 65.85 , 2.90 , 32.78 , 32.54 , 70.70 , 47.31 , 76.41 , 13.30 , 31.95 , 0.29 , 61.00 ,, 11.85 , 2.62 , 28.27 
Egypt,Africa,Elfayoom,2016," 8,589.41 ", 14.76 , 97.11 , 1.17 , 29.86 , 27.07 , 69.50 , 49.48 , 78.31 , 13.30 , 25.18 , 0.30 , 28.70 ,, 13.44 , 2.62 , 28.27 
Egypt,Africa,Elkharga,2016," 9,525.49 ", 15.38 , 98.19 , 2.16 , 50.00 , 72.19 , 71.20 , 13.56 , 88.60 , 13.30 , 48.11 , 0.20 , -   ,, 15.03 , 2.62 , 28.27 
Egypt,Africa,Elmahala_Elkobra,2016," 8,589.25 ", 17.33 , 98.38 , 2.49 , 38.44 , 22.12 , 72.30 , 14.40 , 82.59 , 13.30 , 39.81 , 0.29 , 7.60 ,, 17.15 , 2.62 , 28.27 
Egypt,Africa,Elmahmoudeya,2016," 8,754.52 ", 15.02 , 99.78 , 7.00 , 33.89 , 55.30 , 71.50 , 13.49 , 83.95 , 13.30 , 451.00 , 0.27 , 23.50 ,, 18.75 , 2.62 , 28.27 
Egypt,Africa,Elmansoura,2016," 8,366.98 ", 14.64 , 99.05 , 3.96 , 45.71 , 23.20 , 71.80 ,, 87.74 , 13.30 , 36.61 , 0.29 , 9.30 ,, 13.50 , 2.62 , 28.27 
Egypt,Africa,Elmaragha,2016," 7,606.13 ", 13.87 , 87.65 , 3.26 , 21.84 , 31.20 , 70.50 , 23.77 , 75.13 , 13.30 , 13.73 , 0.32 , 47.50 ,, 13.47 , 2.62 , 28.27 
Egypt,Africa,Elmenya,2016," 8,304.92 ", 13.48 , 95.31 , 3.23 , 32.70 , 26.38 , 69.30 , 38.51 , 86.40 , 13.30 , 20.38 , 0.23 , 30.90 ,, 13.63 , 2.62 , 28.27 
Egypt,Africa,Elsadat,2016," 8,509.85 ", 8.69 , 94.26 , 2.22 , 41.27 , 47.00 , 71.50 , 9.40 , 90.94 , 13.30 , 16.16 , 0.36 , 17.90 ,, 9.56 , 2.62 , 28.27 
Egypt,Africa,Elsuez City,2016," 8,018.84 ", 16.23 , 90.01 , 0.96 , 67.12 , 31.44 , 72.30 , 16.70 , 82.68 , 13.30 , 80.72 , 0.29 , 1.90 ,, 17.23 , 2.62 , 28.27 
Egypt,Africa,Elzaqazeeq,2016," 8,354.11 ", 18.46 , 99.48 , 3.69 , 41.71 , 24.67 , 71.20 , 21.53 , 85.22 , 13.30 ,, 0.26 , 19.20 ,, 14.34 , 2.62 , 28.27 
Egypt,Africa,Esmailya,2016," 8,715.40 ", 15.08 , 98.50 , 1.59 , 52.03 , 42.82 , 70.90 , 26.12 , 85.22 , 13.30 , 66.59 , 0.25 , 18.80 ,, 17.76 , 2.62 , 28.27 
Egypt,Africa,Greater Cairo ,2016," 10,847.49 ", 16.54 , 82.06 , 6.23 , 55.59 , 5.53 , 71.30 , 34.40 , 80.38 , 13.30 , 112.82 , 0.36 , 7.60 ,, 14.39 , 2.62 , 28.27 
Egypt,Africa,Hurgada,2016," 19,541.62 ", 20.32 , 65.38 , 1.47 , 77.36 , 83.24 , 71.20 , 20.94 , 93.09 , 13.30 , 276.66 , 0.26 , -   ,, 17.35 , 2.62 , 28.27 
Egypt,Africa,Kafr_elshekh,2016," 8,442.25 ", 13.94 , 94.63 , 2.94 , 34.07 , 30.62 , 70.60 , 15.01 , 81.66 , 13.30 , 34.46 , 0.38 , 11.20 ,, 12.35 , 2.62 , 28.27 
Egypt,Africa,Kafr_Shokr,2016," 8,042.77 ", 15.26 , 91.13 , 4.32 , 46.17 , 23.61 , 72.70 , 11.23 , 66.83 , 13.30 , 72.96 , 0.26 , 11.30 ,, 13.19 , 2.62 , 28.27 
Egypt,Africa,Marsa_Matrouh,2016," 8,160.56 ", 5.70 , 79.15 , 2.00 , 34.78 , 64.56 , 71.10 , 12.30 , 76.98 , 13.30 , 120.84 , 0.30 , -   ,, 7.36 , 2.62 , 28.27 
Egypt,Africa,Menouf,2016," 8,832.60 ", 8.69 , 89.31 , 9.25 , 41.27 , 47.00 , 71.50 , 20.25 , 73.56 , 13.30 , 16.16 , 0.36 , 17.90 ,, 9.56 , 2.62 , 28.27 
Egypt,Africa,Portsaid City,2016," 8,915.15 ", 25.65 , 86.71 , 1.88 , 57.69 , 26.99 , 72.70 , 24.70 , 83.42 , 13.30 , 79.55 , 0.28 , 4.40 ,, 22.16 , 2.62 , 28.27 
Egypt,Africa,Qena,2016," 7,120.57 ", 14.44 , 94.41 , 2.06 , 39.46 , 29.14 , 70.50 , 38.29 , 84.79 , 13.30 , 12.41 , 0.29 , 39.00 ,, 12.19 , 2.62 , 28.27 
Egypt,Africa,Sherbeen,2016," 8,250.10 ", 14.64 , 85.96 , 8.41 , 45.71 , 23.20 , 71.80 , 10.70 , 79.44 , 13.30 , 36.61 , 0.29 , 9.30 ,, 13.50 , 2.62 , 28.27 
Egypt,Africa,Siwa,2016," 8,199.55 ", 5.70 , 88.36 , 1.12 , 34.78 , 64.56 , 71.10 , 12.13 , 81.28 , 13.30 , 120.84 , 0.30 , -   ,, 7.36 , 2.62 , 28.27 
Egypt,Africa,Sohag,2016," 7,814.76 ", 13.87 , 96.40 , 6.35 , 21.84 , 31.20 , 70.50 , 62.65 , 87.60 , 13.30 , 13.73 , 0.32 , 47.50 ,, 13.47 , 2.62 , 28.27 
Egypt,Africa,Tal_kebeer,2016," 7,940.48 ", 15.08 , 64.12 , 5.98 , 52.03 , 42.82 , 70.90 , 13.64 , 83.26 , 13.30 , 66.59 , 0.25 , 18.80 ,, 17.76 , 2.62 , 28.27 
Morocco,Africa,Casablanca,2015," 11,958.56 ", 10.60 , 98.00 , 1.30 , 46.21 , 18.08 , 70.20 , 30.40 , 67.08 , 4.40 , 1.40 , 0.37 , 0.14 , 13.10 , 18.50 , 1.60 , 45.40 
Morocco,Africa,Marrakech,2015," 5,697.65 ", 13.40 , 98.00 , 0.50 , 46.21 , 18.08 , 70.90 , 30.40 , 67.08 , 4.40 , 2.20 , 0.42 , 0.71 , 13.10 , 18.50 , 1.60 , 45.40 
Argentina,America,Buenos Aires,2015," 32,185.00 ", 6.10 , 98.10 , 3.86 , 59.90 , 12.60 , 77.17 , 14.00 , 97.90 , 9.80 , 4.90 , 0.40 , 4.30 , 9.60 , 19.90 , 4.47 , 79.39 
Brazil,America,Arujá,2016," 18,868.47 ", 9.91 , 97.81 , 1.56 , 36.69 ,, 76.95 , 12.80 , 95.09 , 8.61 , 13.31 , 0.58 , 6.21 , -   , 17.63 ,, 83.98 
Brazil,America,Barueri,2016," 63,640.95 ", 9.58 , 99.28 , 1.24 , 45.18 ,, 76.96 , 13.20 , 95.96 , 8.73 , 9.25 , 0.62 , 5.65 , 1.07 , 15.94 ,, 85.17 
Brazil,America,Biritiba Mirim,2016," 6,183.54 ", 8.13 , 97.82 , 0.07 , 18.28 ,, 72.70 , 21.40 , 91.21 , 6.96 , 9.73 , 0.54 , 9.77 , -   , 14.88 ,, 84.14 
Brazil,America,Caieiras,2016," 15,893.69 ", 9.71 , 96.83 , 0.49 , 42.34 ,, 76.68 , 11.80 , 96.07 , 8.85 , 6.35 , 0.48 , 5.08 , 2.87 , 17.31 ,, 85.53 
Brazil,America,Cajamar,2016," 40,468.57 ", 9.11 , 96.49 , 0.25 , 35.05 ,, 73.59 , 19.70 , 94.81 , 7.87 , 19.80 , 0.49 , 7.21 , 4.48 , 12.76 ,, 87.51 
Brazil,America,Carapicuíba,2016," 6,726.63 ", 9.59 , 98.05 , 0.33 , 41.33 ,, 75.52 , 16.10 , 95.64 , 8.25 , 16.92 , 0.50 , 6.12 , 7.93 , 16.74 ,, 83.69 
Brazil,America,Cotia,2016," 23,494.82 ", 8.04 , 97.37 , 1.32 , 40.19 ,, 76.05 , 13.80 , 95.58 , 8.90 , 15.09 , 0.59 , 4.72 , 0.72 , 13.83 ,, 85.36 
Brazil,America,Diadema,2016," 17,172.34 ", 9.93 , 99.10 , 0.13 , 43.55 ,, 75.65 , 15.80 , 95.64 , 8.47 , 13.43 , 0.46 , 5.51 , 22.78 , 17.53 ,, 83.91 
Brazil,America,Embu das Artes,2016," 11,762.21 ", 10.80 , 98.33 , 0.22 , 34.31 ,, 75.33 , 15.20 , 95.04 , 7.88 , 14.67 , 0.49 , 7.05 , 14.24 , 18.54 ,, 84.24 
Brazil,America,Embu-Guaçu,2016," 8,315.89 ", 9.78 , 95.60 , 0.27 , 28.43 ,, 75.01 , 17.00 , 93.93 , 8.15 , 22.46 , 0.52 , 8.98 , -   , 18.11 ,, 82.37 
Brazil,America,Ferraz de Vasconcelos,2016," 7,636.35 ", 10.28 , 98.78 , 0.12 , 31.58 ,, 74.65 , 17.60 , 95.09 , 7.96 , 8.77 , 0.46 , 7.58 , 6.91 , 16.28 ,, 84.54 
Brazil,America,Fortaleza,2014," 11,448.57 ", 5.90 , 98.56 , 1.82 , 51.60 , 27.20 , 74.41 , 10.80 , 93.40 ,, 76.80 , 0.51 , 5.46 , 59.70 ,, 3.83 ,
Brazil,America,Francisco Morato,2016," 4,009.41 ", 10.01 , 98.27 , 0.03 , 25.12 ,, 73.91 , 19.10 , 93.06 , 7.01 , 9.61 , 0.44 , 9.32 , 5.53 , 15.18 ,, 82.92 
Brazil,America,Franco da Rocha,2016," 7,264.42 ", 10.00 , 79.94 , 0.14 , 27.59 ,, 76.09 , 15.20 , 94.03 , 7.63 , 13.21 , 0.46 , 6.83 , 7.09 , 19.18 ,, 83.94 
Brazil,America,Guararema,2016," 16,104.63 ", 6.05 , 97.08 , 0.81 , 27.00 ,, 74.03 , 18.80 , 92.83 , 7.85 , 10.71 , 0.51 , 5.51 , -   , 10.84 ,, 86.09 
Brazil,America,Guarulhos,2016," 17,876.88 ", 10.15 , 97.07 , 0.64 , 41.24 ,, 74.83 , 15.50 , 95.90 , 8.75 , 15.17 , 0.53 , 6.50 , 17.58 , 17.78 ,, 81.78 
Brazil,America,Itapecerica da Serra,2016," 9,363.56 ", 9.01 , 90.83 , 0.29 , 31.83 ,, 76.09 , 15.10 , 94.38 , 7.90 , 13.91 , 0.48 , 7.44 , 0.96 , 17.66 ,, 83.71 
Brazil,America,Itapevi,2016," 12,265.77 ", 10.86 , 98.45 , 0.19 , 30.23 ,, 76.28 , 14.50 , 94.62 , 7.69 , 20.43 , 0.47 , 8.33 , 1.58 , 17.55 ,, 84.30 
Brazil,America,Itaquaquecetuba,2016," 8,659.93 ", 12.73 , 98.24 , 0.03 , 25.88 ,, 75.66 , 17.40 , 94.34 , 7.47 , 16.92 , 0.46 , 10.21 , 8.57 , 19.95 ,, 84.33 
Brazil,America,Jandira,2016," 13,021.58 ", 8.44 , 99.68 , 0.35 , 38.80 ,, 75.46 , 17.10 , 95.56 , 8.41 , 23.84 , 0.49 , 4.40 , 1.91 , 16.42 ,, 84.22 
Brazil,America,Juquitiba,2016," 9,520.08 ", 9.05 , 95.18 , 0.17 , 16.27 ,, 72.48 , 21.90 , 89.18 , 7.12 , 26.28 , 0.52 , 9.97 , -   , 15.56 ,, 81.55 
Brazil,America,Mairiporã,2016," 10,397.15 ", 5.74 , 87.22 , 1.36 , 36.59 ,, 77.86 , 13.40 , 95.00 , 8.55 , 17.65 , 0.58 , 5.74 , -   , 10.98 ,, 82.21 
Brazil,America,Mauá,2016," 9,939.09 ", 12.23 , 98.15 , 0.15 , 38.30 ,, 76.13 , 15.10 , 96.05 , 8.61 , 10.03 , 0.46 , 5.28 , 20.15 , 21.84 ,, 85.39 
Brazil,America,Mogi das Cruzes,2016," 16,001.34 ", 9.93 , 96.47 , 2.28 , 42.54 ,, 76.07 , 14.20 , 96.05 , 9.22 , 18.82 , 0.55 , 7.06 , -   , 18.93 ,, 84.31 
Brazil,America,Osasco,2016," 17,173.10 ", 8.65 , 98.40 , 0.59 , 48.01 ,, 75.42 , 15.50 , 96.52 , 8.94 , 9.38 , 0.55 , 4.80 , 12.04 , 16.46 ,, 82.78 
Brazil,America,Pirapora do Bom Jesus,2016," 10,446.53 ", 8.05 , 96.44 , 0.01 , 22.26 ,, 73.59 , 19.70 , 94.08 , 7.86 , 34.54 , 0.49 , 9.88 , -   , 14.91 ,, 87.29 
Brazil,America,Poá,2016," 17,202.82 ", 10.09 , 98.71 , 0.36 , 41.29 ,, 76.33 , 14.80 , 96.70 , 9.17 , 5.31 , 0.45 , 6.80 , -   , 17.38 ,, 84.68 
Brazil,America,Region Metropolitana de Sao Paulo,2016," 23,510.23 ", 7.51 , 98.00 , 2.85 , 48.71 ,, 76.12 , 15.94 , 96.41 , 9.30 , 11.20 , 0.59 , 1.49 , 10.99 , 15.88 ,, 82.45 
Brazil,America,Ribeirão Pires,2016," 13,570.31 ", 10.65 , 98.25 , 1.11 , 43.85 ,, 75.81 , 18.90 , 96.53 , 9.23 , 17.55 , 0.48 , 3.39 , 2.89 , 18.41 ,, 84.17 
Brazil,America,Rio Grande da Serra,2016," 5,121.17 ", 13.26 , 98.36 , 0.05 , 34.53 ,, 74.36 , 18.20 , 94.59 , 8.31 , 6.29 , 0.40 , 7.02 , -   , 23.72 ,, 84.78 
Brazil,America,Salesópolis,2016," 6,993.35 ", 7.25 , 92.82 , 0.19 , 19.79 ,, 74.75 , 17.50 , 90.87 , 7.41 , 0.00 , 0.42 , 8.20 , -   , 15.19 ,, 83.47 
Brazil,America,Santa Isabel,2016," 13,561.62 ", 10.22 , 95.11 , 0.52 , 26.11 ,, 75.02 , 17.00 , 92.51 , 7.46 , 12.88 , 0.47 , 7.63 , -   , 19.71 ,, 84.71 
Brazil,America,Santana de Parnaíba,2016," 32,895.30 ", 7.89 , 96.15 , 3.23 , 47.50 ,, 75.92 , 17.40 , 95.50 , 9.36 , 5.65 , 0.69 , 4.71 , 3.69 , 15.30 ,, 85.62 
Brazil,America,Santo André,2016," 19,698.62 ", 8.32 , 97.40 , 2.51 , 55.90 ,, 76.66 , 14.10 , 97.22 , 9.79 , 10.32 , 0.54 , 3.24 , 12.64 , 15.20 ,, 82.05 
Brazil,America,São Bernardo do Campo,2016," 22,438.26 ", 8.55 , 97.76 , 1.44 , 53.94 ,, 76.65 , 14.40 , 96.96 , 9.70 , 8.50 , 0.55 , 3.54 , 19.96 , 15.67 ,, 84.04 
Brazil,America,São Caetano do Sul,2016," 45,359.09 ", 6.52 , 98.55 , 4.25 , 67.64 ,, 78.20 , 11.00 , 98.45 , 10.74 , 2.54 , 0.55 , 0.52 , -   , 13.46 ,, 89.63 
Brazil,America,São Lourenço da Serra,2016," 20,164.68 ", 8.56 , 91.85 , 0.36 , 20.94 ,, 74.36 , 18.20 , 91.78 , 7.37 , 13.31 , 0.51 , 7.73 , -   , 15.53 ,, 84.73 
Brazil,America,São Paulo,2016," 28,079.44 ", 7.73 , 98.50 , 4.30 , 53.22 ,, 76.30 , 14.70 , 96.82 , 9.51 , 10.07 , 0.65 , 4.27 , 11.38 , 15.00 ,, 81.52 
Brazil,America,Suzano,2016," 12,766.01 ", 11.91 , 97.65 , 0.91 , 33.77 ,, 77.36 , 13.60 , 95.15 , 8.51 , 10.98 , 0.49 , 8.54 , 2.16 , 20.82 ,, 84.43 
Brazil,America,Taboão da Serra,2016," 14,908.80 ", 8.48 , 99.34 , 0.23 , 45.59 ,, 76.79 , 13.60 , 96.03 , 8.85 , 9.32 , 0.49 , 4.72 , 11.01 , 15.88 ,, 83.14 
Brazil,America,Vargem Grande Paulista,2016," 15,437.62 ", 7.55 , 98.35 , 1.00 , 37.55 ,, 78.02 , 11.30 , 95.89 , 8.26 , 10.44 , 0.52 , 4.33 , -   , 13.49 ,, 84.48 
Colombia,America,Armenia,2013," 8,235.09 ", 15.40 , 100.00 , 151.20 , 42.20 , 10.00 , 74.50 , 11.70 , 97.10 , 8.90 , 31.00 , 0.50 , 6.60 , 7.30 , 24.10 , 1.60 ,
Colombia,America,Barranquilla,2013," 9,806.11 ", 8.00 , 100.00 , 11.80 , 39.10 , 4.00 , 75.49 , 20.50 , 97.00 , 9.50 , 26.00 , 0.46 , 6.60 , 11.90 , 16.80 , 1.60 ,
Colombia,America,Bogotá,2013," 17,927.36 ", 9.00 , 99.90 , 81.00 , 51.50 , 7.00 , 78.01 , 13.30 , 98.20 , 10.10 , 16.00 , 0.50 , 1.60 , 4.20 , 14.80 , 1.60 ,
Colombia,America,Bucaramanga,2013," 15,472.15 ", 9.40 , 99.90 , 42.00 , 51.00 , 13.00 , 75.33 , 16.00 , 97.30 , 9.20 , 18.00 , 0.44 , 1.20 , 4.70 , 16.50 , 1.60 ,
Colombia,America,Cali,2013," 12,234.05 ", 14.20 , 99.80 , 104.50 , 45.40 , 14.00 , 75.33 , 16.40 , 97.40 , 9.10 , 85.00 , 0.51 , 4.40 , 5.40 , 23.90 , 1.60 ,
Colombia,America,Cartagena,2013," 16,681.96 ", 9.90 , 98.70 , 16.40 , 43.00 , 4.00 , 74.15 , 15.00 , 97.10 , 9.80 , 28.00 , 0.48 , 5.80 , 15.10 , 19.70 , 1.60 ,
Colombia,America,Cúcuta,2013," 7,328.52 ", 15.60 , 99.40 , 106.40 , 29.50 , 5.00 , 72.63 , 12.20 , 95.60 , 8.00 , 42.00 , 0.44 , 6.00 , 25.60 , 24.10 , 1.60 ,
Colombia,America,Florencia,2013," 7,989.41 ", 12.20 , 97.95 , 248.90 , 22.60 , 16.00 , 68.48 , 12.00 , 94.40 , 8.20 , 46.00 , 0.50 , 7.70 , 15.50 , 20.00 , 1.60 ,
Colombia,America,Ibagué,2013," 8,916.73 ", 13.80 , 99.70 , 317.75 , 45.90 , 13.00 , 73.32 , 13.70 , 97.30 , 9.30 , 17.00 , 0.45 , 2.50 , 5.00 , 22.00 , 1.60 ,
Colombia,America,Manizales,2013," 9,652.10 ", 11.60 , 99.90 , 78.10 , 54.60 , 10.00 , 74.52 , 18.90 , 97.30 , 9.50 , 28.00 , 0.47 , 2.60 , 3.80 , 19.60 , 1.60 ,
Colombia,America,Medellín,2013," 13,638.41 ", 11.20 , 99.90 , 114.00 , 52.00 , 7.00 , 75.07 , 13.80 , 97.10 , 9.30 , 38.00 , 0.51 , 3.00 , 6.50 , 17.60 , 1.60 ,
Colombia,America,Montería,2013," 8,547.47 ", 10.90 , 98.60 , 55.30 , 32.10 , 10.00 , 73.73 , 31.00 , 96.30 , 9.20 , 31.00 , 0.53 , 6.50 , 14.40 , 20.30 , 1.60 ,
Colombia,America,Neiva,2013," 11,065.53 ", 11.90 , 99.80 , 123.10 , 46.80 , 15.00 , 73.23 , 19.20 , 96.30 , 9.20 , 31.00 , 0.48 , 4.60 , 8.00 , 20.50 , 1.60 ,
Colombia,America,Pasto,2013," 9,060.98 ", 10.70 , 99.90 , 117.30 , 38.70 , 13.00 , 73.21 , 22.40 , 97.20 , 9.40 , 25.00 , 0.51 , 4.40 , 6.30 , 18.90 , 1.60 ,
Colombia,America,Pereira,2013," 9,697.96 ", 13.80 , 99.70 , 94.90 , 46.10 , 20.00 , 74.70 , 13.60 , 96.90 , 8.50 , 39.00 , 0.48 , 5.10 , 3.80 , 22.00 , 1.60 ,
Colombia,America,Popoyan,2013," 9,286.92 ", 15.60 , 99.80 , 133.10 , 42.80 , 11.00 , 71.89 , 14.70 , 97.50 , 9.70 , 29.00 , 0.51 , 8.10 , 6.70 , 28.40 , 1.60 ,
Colombia,America,Quibdó,2013," 6,142.53 ", 18.30 , 10.50 , 200.40 , 25.00 , 19.00 , 69.30 , 16.40 , 94.00 , 10.10 , 106.00 , 0.54 , 17.50 , 93.90 , 25.10 , 1.60 ,
Colombia,America,Riohacha,2013," 5,128.62 ", 10.30 , 98.50 , 44.82 , 24.50 , 12.00 , 74.40 , 33.30 , 93.90 , 9.80 , 19.00 , 0.52 , 12.70 , 35.70 , 15.60 , 1.60 ,
Colombia,America,Santa Marta,2013," 6,876.01 ", 9.90 , 96.30 , 47.10 , 30.80 , 11.00 , 75.07 , 20.90 , 96.40 , 9.30 , 31.00 , 0.46 , 6.50 , 33.80 , 18.10 , 1.60 ,
Colombia,America,Sincelejo,2013," 6,963.27 ", 10.40 , 93.70 , 91.20 , 28.70 , 16.00 , 74.37 , 10.50 , 91.70 , 8.60 , 30.00 , 0.48 , 6.10 , 24.90 , 18.40 , 1.60 ,
Colombia,America,Tunja,2013," 11,114.74 ", 12.10 , 100.00 , 100.90 , 39.30 , 10.00 , 75.32 , 12.00 , 98.10 , 10.70 , 8.00 , 0.48 , 2.80 , 2.80 , 19.30 , 1.60 ,
Colombia,America,Valledupar,2013," 7,158.97 ", 9.90 , 100.00 , 67.90 , 35.10 , 15.00 , 73.80 , 18.50 , 95.00 , 9.30 , 22.00 , 0.46 , 4.40 , 13.20 , 16.70 , 1.60 ,
Colombia,America,Villavicencio,2013," 11,780.54 ", 11.30 , 99.90 , 65.00 , 36.70 , 17.00 , 71.58 , 16.20 , 96.90 , 8.90 , 29.00 , 0.44 , 3.10 , 6.20 , 18.20 , 1.60 ,
Ecuador,America,Ambato,2015," 14,379.16 ", 3.68 , 97.40 , 5.79 , 59.31 , 16.35 , 76.39 , 4.68 , 95.71 , 9.88 , 5.45 , 0.44 , 2.47 , 15.47 , 8.44 , 1.36 , 65.00 
Ecuador,America,Babahoyo,2015," 10,639.45 ", 6.50 , 81.85 , 4.42 , 35.65 , 36.59 , 72.81 , 7.52 , 95.07 , 8.55 , 13.31 , 0.59 , 8.85 , 34.16 , 10.15 , 2.31 , 80.70 
Ecuador,America,Chone,2015," 10,614.25 ", 1.77 , 75.31 , 5.02 , 48.98 , 41.66 , 75.32 , 4.34 , 93.08 , 8.95 , 9.47 , 0.49 , 9.42 , 29.55 , 9.45 , 2.31 , 84.30 
Ecuador,America,Cuenca,2015," 14,294.90 ", 2.30 , 96.30 , 6.21 , 67.60 , 12.43 , 78.04 , 6.24 , 95.61 , 9.93 , 3.03 , 0.39 , 2.30 , 10.99 , 4.70 , 2.42 , 70.70 
Ecuador,America,Daule,2015," 9,112.45 ", 2.62 , 72.60 , 1.61 , 48.50 , 32.24 , 74.42 , 6.50 , 93.98 , 8.79 , 9.21 , 0.49 , 4.78 , 39.67 , 17.00 , 2.31 , 86.29 
Ecuador,America,Duran,2015," 10,250.61 ", 4.18 , 60.36 , 0.69 , 48.50 , 12.56 , 74.42 , 8.89 , 95.65 , 7.84 , 3.03 , 0.46 , 4.78 , 45.97 , 16.24 , 2.31 , 80.45 
Ecuador,America,Esmeraldas,2015," 8,225.67 ", 10.64 , 90.34 , 3.01 , 47.04 , 18.83 , 73.64 , 7.28 , 94.12 , 8.99 , 17.53 , 0.52 , 20.73 , 26.07 , 17.97 , 5.91 , 66.20 
Ecuador,America,Guayaquil,2015," 11,176.23 ", 4.01 , 84.81 , 3.01 , 47.18 , 18.57 , 74.42 , 9.58 , 95.88 , 8.47 , 10.27 , 0.41 , 1.54 , 32.20 , 12.46 , 2.63 , 68.60 
Ecuador,America,Ibarra,2015," 12,128.05 ", 7.97 , 95.47 , 4.03 , 60.83 , 28.06 , 76.20 , 6.42 , 94.92 , 9.13 , 5.31 , 0.43 , 9.49 , 14.22 , 11.73 , 2.31 , 66.20 
Ecuador,America,Lago Agrio,2015," 9,329.40 ", 9.61 , 42.21 , 3.95 , 50.45 , 78.25 , 75.01 , 8.89 , 93.74 , 8.08 , 53.54 , 0.44 , 13.50 , 33.01 , 18.90 , 2.31 , 78.80 
Ecuador,America,Latacunga,2015," 15,347.74 ", 4.47 , 96.20 , 6.08 , 61.99 , 61.09 , 75.11 , 7.26 , 95.01 , 9.99 , 3.13 , 0.45 , 7.71 , 13.85 , 5.29 , 1.97 , 72.30 
Ecuador,America,Loja,2015," 11,406.43 ", 7.65 , 92.59 , 5.34 , 74.14 , 9.98 , 78.32 , 6.48 , 96.18 , 10.45 , 1.76 , 0.43 , 12.01 , 17.87 , 6.07 , 2.31 , 63.90 
Ecuador,America,Machala,2015," 11,948.26 ", 2.48 , 80.59 , 4.62 , 58.43 , 12.11 , 75.63 , 6.80 , 95.64 , 8.67 , 10.38 , 0.45 , 3.11 , 29.10 , 6.48 , 2.31 , 67.50 
Ecuador,America,Manta,2015," 11,241.67 ", 3.18 , 77.86 , 3.41 , 48.98 , 20.23 , 75.32 , 6.10 , 93.96 , 8.67 , 14.25 , 0.43 , 9.42 , 33.86 , 5.25 , 1.75 , 83.40 
Ecuador,America,Milagro,2015," 10,275.54 ", 1.89 , 73.65 , 3.62 , 48.50 , 20.97 , 74.42 , 6.71 , 94.88 , 8.06 , 9.74 , 0.49 , 4.78 , 32.16 , 13.25 , 2.31 , 81.79 
Ecuador,America,Morona,2015," 10,458.15 ", 6.44 , 96.75 , 5.32 , 74.52 , 42.14 , 75.01 , 8.87 , 94.87 , 9.44 , 10.54 , 0.49 , 35.79 , 16.84 , 6.25 , 2.31 , 62.80 
Ecuador,America,Orellana,2015," 9,181.79 ", 5.61 , 76.96 , 4.39 , 49.99 , 44.19 , 75.01 , 6.65 , 93.87 , 7.91 , 12.28 , 0.49 , 19.50 , 33.87 , 10.31 , 2.31 , 88.60 
Ecuador,America,Otavalo,2015," 11,095.00 ", 8.43 , 89.78 , 3.43 , 60.83 , 15.25 , 76.20 , 3.54 , 91.11 , 8.74 , 7.62 , 0.49 , 9.49 , 23.24 , 12.94 , 2.31 , 79.19 
Ecuador,America,Portoviejo,2015," 10,965.83 ", 3.74 , 72.97 , 3.94 , 48.98 , 23.22 , 75.32 , 6.04 , 93.96 , 9.23 , 5.32 , 0.45 , 9.42 , 37.28 , 7.82 , 1.03 , 74.40 
Ecuador,America,Quevedo,2015," 10,338.46 ", 7.30 , 69.45 , 2.39 , 35.65 , 23.21 , 72.81 , 4.68 , 92.87 , 7.75 , 31.16 , 0.36 , 8.85 , 30.68 , 10.82 , 2.31 , 79.54 
Ecuador,America,Quininde,2015," 8,487.18 ", 3.35 , 52.47 , 3.42 , 47.04 , 79.51 , 73.64 , 5.02 , 91.70 , 7.81 , 48.40 , 0.49 , 20.73 , 32.67 , 11.87 , 2.31 , 81.67 
Ecuador,America,Quito,2015," 11,227.88 ", 3.22 , 97.31 , 5.22 , 63.40 , 18.66 , 77.25 , 8.80 , 95.74 , 9.68 , 5.10 , 0.51 , 1.55 , 9.74 , 10.93 , 2.84 , 63.70 
Ecuador,America,Riobamba,2015," 14,653.84 ", 2.77 , 95.66 , 5.13 , 60.83 , 23.92 , 74.58 , 6.93 , 95.99 , 10.21 , 2.73 , 0.47 , 16.15 , 10.23 , 3.85 , 2.90 , 71.60 
Ecuador,America,Santa Elena,2015," 9,905.02 ", 5.43 , 78.33 , 6.65 , 36.12 , 47.88 , 77.33 , 6.25 , 94.87 , 8.35 , 10.08 , 0.41 , 9.27 , 46.41 , 14.34 , 2.31 , 93.50 
Ecuador,America,Santo Domingo,2015," 10,327.80 ", 4.25 , 55.32 , 2.84 , 48.12 , 34.70 , 75.01 , 5.28 , 93.40 , 7.88 , 14.03 , 0.49 , 5.35 , 28.47 , 14.56 , 1.39 , 75.00 
Ecuador,America,Tena,2015," 12,308.14 ", 4.08 , 91.50 , 7.25 , 54.09 , 42.91 , 75.01 , 4.23 , 95.55 , 9.33 , 4.29 , 0.49 , 22.73 , 24.51 , 7.66 , 2.31 , 87.50 
Ecuador,America,Zamora,2015," 14,625.64 ", 7.92 , 93.66 , 7.43 , 65.86 , 32.29 , 75.01 , 3.41 , 96.06 , 9.91 , 16.15 , 0.49 , 13.94 , 19.40 , 7.07 , 2.31 , 83.30 
Guatemala,America,Guatemala City,2015," 7,062.53 ", 6.70 , 99.00 , 0.93 , 19.70 , 4.88 , 71.33 , 32.00 , 93.50 , 5.60 , 54.28 , 0.52 , 0.69 , 43.00 , 4.90 , 0.78 , 60.83 
Mexico,America,Aguascalientes,2015," 5,676.07 ", 3.73 , 99.51 , 4.04 , 27.92 , 5.59 , 75.57 , 11.92 , 96.94 , 10.33 , 16.29 , 0.44 , 10.28 , 3.36 , 11.74 , 3.90 , 43.70 
Mexico,America,San Francisco de los Romo,2015," 9,492.41 ", 3.26 , 99.21 , 0.72 , 8.40 , 7.71 , 75.57 , 15.91 , 94.82 , 8.06 , 35.25 , 0.39 , 18.82 , 2.94 , 9.36 , 3.90 , 52.23 
Mexico,America,Mexicali,2015," 5,484.47 ", 2.76 , 97.80 , 2.88 , 37.96 , 1.20 , 73.57 , 14.28 , 96.69 , 10.42 , 18.38 , 0.44 , 9.00 , 4.12 , 9.37 , 3.90 , 22.34 
Mexico,America,Tijuana,2015," 5,556.57 ", 3.35 , 98.30 , 2.11 , 37.98 , 2.93 , 73.57 , 15.99 , 96.72 , 10.50 , 41.50 , 0.44 , 10.44 , 5.17 , 9.42 , 3.90 , 38.22 
Mexico,America,La Paz,2015," 3,988.59 ", 2.73 , 96.96 , 4.47 , 40.88 , 5.07 , 75.82 , 14.59 , 97.27 , 11.16 , 22.97 , 0.44 , 9.34 , 8.02 , 8.52 , 3.90 , 55.21 
Mexico,America,Campeche,2015," 3,153.57 ", 1.51 , 98.41 , 5.45 , 30.14 , 3.60 , 75.01 , 14.91 , 94.55 , 10.26 , 8.15 , 0.45 , 11.34 , 12.53 , 5.28 , 3.90 , 57.10 
Mexico,America,Acuña,2015," 5,635.49 ", 3.42 , 98.62 , 2.07 , 15.57 , 10.51 , 75.22 , 16.43 , 96.65 , 8.90 , 29.09 , 0.40 , 12.68 , 7.21 , 10.71 , 3.90 , 54.89 
Mexico,America,Piedras Negras,2015," 6,290.89 ", 3.03 , 98.78 , 2.86 , 26.70 , 1.90 , 75.22 , 13.68 , 97.27 , 10.19 , 23.16 , 0.40 , 7.71 , 4.07 , 9.99 , 3.90 , 40.89 
Mexico,America,Ramos Arizpe,2015," 58,617.76 ", 2.78 , 98.93 , 1.47 , 19.84 , 4.74 , 75.22 , 14.85 , 96.37 , 10.18 , 32.43 , 0.45 , 11.65 , 1.07 , 9.41 , 3.90 , 56.84 
Mexico,America,Saltillo,2015," 8,171.12 ", 3.48 , 97.42 , 2.64 , 27.87 , 3.52 , 75.22 , 13.54 , 97.20 , 11.39 , 14.79 , 0.44 , 9.44 , 3.47 , 12.49 , 3.90 , 47.32 
Mexico,America,Torreón,2015," 9,878.72 ", 4.30 , 99.49 , 4.21 , 29.13 , 2.52 , 75.22 , 16.66 , 97.57 , 11.33 , 35.24 , 0.45 , 11.32 , 3.70 , 15.43 , 3.90 , 53.77 
Mexico,America,Colima,2015," 4,941.36 ", 2.33 , 99.83 , 8.57 , 33.64 , 1.92 , 75.62 , 13.07 , 96.19 , 10.45 , 14.50 , 0.45 , 6.62 , 4.18 , 7.29 , 3.90 , 60.98 
Mexico,America,Manzanillo,2015," 5,120.57 ", 1.90 , 96.27 , 3.72 , 25.91 , 11.45 , 75.62 , 9.33 , 94.96 , 10.65 , 18.53 , 0.46 , 7.45 , 7.85 , 5.53 , 3.90 , 55.81 
Mexico,America,Tecomán,2015," 2,062.77 ", 1.41 , 98.50 , 3.25 , 12.71 , 1.66 , 75.62 , 16.88 , 89.49 , 7.23 , 32.55 , 0.40 , 11.65 , 14.59 , 3.65 , 3.90 , 56.22 
Mexico,America,Villa de Álvarez,2015," 1,766.77 ", 2.27 , 99.92 , 0.72 , 36.76 , 5.32 , 75.62 , 9.15 , 97.55 , 11.60 , 12.64 , 0.44 , 5.58 , 2.48 , 6.10 , 3.90 , 58.96 
Mexico,America,Berriozábal,2015, 687.40 , 1.23 , 66.84 , 0.48 , 5.42 , 2.07 , 72.47 , 14.77 , 82.31 , 6.79 , 56.76 , 0.45 , 39.15 , 99.33 , 2.53 , 3.90 , 55.82 
Mexico,America,Tapachula,2015," 2,056.15 ", 1.55 , 77.27 , 3.42 , 12.81 , 4.05 , 72.47 , 22.56 , 90.10 , 9.57 , 42.15 , 0.50 , 22.97 , 18.14 , 5.19 , 3.90 , 41.22 
Mexico,America,Tuxtla Gutiérrez,2015," 3,548.46 ", 1.78 , 84.62 , 3.79 , 26.32 , 1.85 , 72.47 , 14.69 , 93.97 , 10.43 , 37.53 , 0.47 , 13.84 , 47.29 , 5.44 , 3.90 , 25.92 
Mexico,America,Aquiles Serdán,2015," 1,645.33 ", 2.89 , 99.38 , 1.13 , 4.57 , 7.57 , 71.53 , 12.66 , 96.15 , 9.01 , 14.57 , 0.39 , 6.20 , 7.20 , 9.06 , 3.90 , 55.27 
Mexico,America,Cuauhtémoc,2015," 4,080.82 ", 1.88 , 99.51 , 3.10 , 22.54 , 11.17 , 71.53 , 25.28 , 96.99 , 9.53 , 33.56 , 0.40 , 19.85 , 5.02 , 6.01 , 3.90 , 36.25 
Mexico,America,Chihuahua,2015," 7,058.77 ", 2.94 , 97.87 , 3.13 , 40.27 , 7.20 , 71.53 , 15.13 , 97.90 , 11.30 , 27.34 , 0.42 , 10.01 , 2.13 , 10.02 , 3.90 , 37.83 
Mexico,America,Delicias,2015," 4,111.24 ", 2.88 , 99.58 , 3.59 , 25.33 , 2.68 , 71.53 , 12.45 , 96.84 , 9.71 , 17.22 , 0.43 , 6.05 , 2.72 , 9.84 , 3.90 , 48.60 
Mexico,America,Juárez,2015," 6,193.62 ", 3.89 , 97.93 , 2.12 , 25.33 , 5.21 , 71.53 , 16.68 , 96.74 , 11.16 , 31.75 , 0.42 , 13.51 , 4.96 , 10.75 , 3.90 , 29.94 
Mexico,America,Azcapotzalco,2015," 28,712.87 ", 3.12 , 99.93 , 13.59 , 42.86 , 1.70 , 75.84 , 16.71 , 97.35 , 11.95 , 14.44 , 0.42 , 3.67 , 4.78 , 11.06 , 3.90 , 68.27 
Mexico,America,Coyoacán,2015," 7,778.79 ", 3.09 , 99.89 , 6.36 , 51.19 , 1.62 , 75.84 , 12.49 , 97.71 , 13.37 , 13.32 , 0.46 , 3.58 , 7.61 , 10.56 , 3.90 , 70.10 
Mexico,America,Cuajimalpa de Morelos,2015," 58,057.90 ", 2.34 , 97.27 , 1.82 , 42.71 , 8.89 , 75.84 , 16.43 , 96.80 , 15.98 , 13.04 , 0.48 , 3.30 , 24.47 , 7.06 , 3.90 , 65.41 
Mexico,America,Gustavo A. Madero,2015," 2,939.96 ", 3.12 , 99.84 , 6.76 , 34.54 , 3.98 , 75.84 , 15.57 , 97.06 , 11.53 , 17.27 , 0.41 , 6.71 , 5.10 , 10.66 , 3.90 , 65.67 
Mexico,America,Iztacalco,2015," 4,867.40 ", 2.92 , 98.50 , 4.52 , 39.13 , 6.31 , 75.84 , 15.26 , 97.22 , 11.60 , 16.13 , 0.41 , 5.31 , 3.35 , 9.84 , 3.90 , 67.08 
Mexico,America,Iztapalapa,2015," 3,558.14 ", 2.96 , 99.72 , 2.77 , 28.73 , 2.54 , 75.84 , 16.10 , 96.61 , 10.18 , 15.39 , 0.41 , 8.82 , 29.11 , 9.73 , 3.90 , 63.12 
Mexico,America,La Magdalena Contreras,2015, 895.46 , 2.78 , 94.92 , 2.30 , 36.58 , 1.24 , 75.84 , 13.96 , 95.42 , 12.43 , 5.37 , 0.44 , 5.62 , 14.05 , 9.24 , 3.90 , 67.07 
Mexico,America,Milpa Alta,2015, 823.45 , 2.35 , 98.10 , 2.71 , 16.81 , 8.85 , 75.84 , 21.60 , 14.06 , 9.33 , 13.94 , 0.40 , 9.76 , 40.84 , 7.93 , 3.90 , 63.17 
Mexico,America,Álvaro Obregón,2015," 32,951.54 ", 2.72 , 99.54 , 5.57 , 42.33 , 2.18 , 75.84 , 15.24 , 96.60 , 12.62 , 13.90 , 0.44 , 6.39 , 7.86 , 8.87 , 3.90 , 67.15 
Mexico,America,Tláhuac,2015," 1,587.01 ", 2.55 , 98.79 , 2.18 , 27.94 , 1.09 , 75.84 , 17.22 , 96.95 , 10.01 , 15.59 , 0.39 , 9.46 , 14.49 , 8.99 , 3.90 , 62.12 
Mexico,America,Tlalpan,2015," 11,109.68 ", 2.84 , 88.87 , 10.44 , 41.52 , 5.40 , 75.84 , 11.68 , 96.78 , 11.93 , 13.63 , 0.46 , 5.07 , 36.97 , 9.10 , 3.90 , 66.70 
Mexico,America,Xochimilco,2015," 2,854.26 ", 2.80 , 95.97 , 1.58 , 31.50 , 2.63 , 75.84 , 15.02 , 96.52 , 11.46 , 14.37 , 0.44 , 5.59 , 20.04 , 9.41 , 3.90 , 63.47 
Mexico,America,Benito Juárez,2015," 68,280.58 ", 2.56 , 97.80 , 12.34 , 66.13 , 5.28 , 75.84 , 8.53 , 98.29 , 14.94 , 17.85 , 0.45 , 1.27 , 2.69 , 8.32 , 3.90 , 70.85 
Mexico,America,Cuauhtémoc,2015," 107,032.97 ", 2.79 , 96.89 , 17.37 , 42.46 , 6.53 , 75.84 , 20.64 , 97.40 , 13.70 , 26.17 , 0.45 , 4.20 , 3.41 , 8.33 , 3.90 , 64.42 
Mexico,America,Miguel Hidalgo,2015," 114,645.15 ", 2.40 , 99.92 , 10.66 , 52.66 , 0.79 , 75.84 , 19.94 , 97.88 , 13.31 , 19.97 , 0.45 , 2.21 , 2.39 , 8.19 , 3.90 , 67.94 
Mexico,America,Venustiano Carranza,2015," 7,707.08 ", 3.02 , 94.59 , 4.64 , 37.31 , 5.65 , 75.84 , 16.55 , 97.72 , 11.13 , 26.52 , 0.42 , 5.74 , 4.28 , 10.32 , 3.90 , 65.63 
Mexico,America,Durango,2015," 1,580.16 ", 2.86 , 99.50 , 4.78 , 25.99 , 4.33 , 74.82 , 16.87 , 97.41 , 10.97 , 16.78 , 0.44 , 14.67 , 6.10 , 9.44 , 3.90 , 44.33 
Mexico,America,Gómez Palacio,2015," 3,697.27 ", 4.22 , 99.60 , 3.38 , 19.12 , 8.36 , 74.82 , 13.46 , 96.97 , 11.10 , 39.66 , 0.42 , 14.00 , 7.03 , 15.27 , 3.90 , 50.12 
Mexico,America,Apaseo el Grande,2015," 8,303.97 ", 3.34 , 96.87 , 1.24 , 7.56 , 5.57 , 75.11 , 12.79 , 89.31 , 7.56 , 49.60 , 0.38 , 18.04 , 21.24 , 10.51 , 3.90 , 37.32 
Mexico,America,Celaya,2015," 6,357.52 ", 2.92 , 97.65 , 2.54 , 23.39 , 3.26 , 75.11 , 14.53 , 94.09 , 10.11 , 29.91 , 0.48 , 12.96 , 6.33 , 9.15 , 3.90 , 34.43 
Mexico,America,Guanajuato,2015," 2,295.80 ", 3.10 , 96.30 , 3.16 , 24.76 , 0.56 , 75.11 , 13.91 , 94.30 , 10.47 , 30.33 , 0.48 , 11.79 , 7.40 , 10.93 , 3.90 , 31.07 
Mexico,America,Irapuato,2015," 6,214.58 ", 2.99 , 97.21 , 2.24 , 19.25 , 2.34 , 75.11 , 14.01 , 93.31 , 10.27 , 35.96 , 0.46 , 14.48 , 7.06 , 10.33 , 3.90 , 34.71 
Mexico,America,León,2015," 6,109.87 ", 2.67 , 93.97 , 3.32 , 20.78 , 1.93 , 75.11 , 10.54 , 94.37 , 8.90 , 32.43 , 0.44 , 10.65 , 4.93 , 7.44 , 3.90 , 35.28 
Mexico,America,Salamanca,2015," 6,499.85 ", 3.58 , 98.63 , 2.98 , 19.69 , 0.37 , 75.11 , 16.09 , 92.13 , 8.87 , 43.04 , 0.44 , 12.34 , 7.09 , 12.12 , 3.90 , 34.46 
Mexico,America,Silao de la Victoria,2015," 16,350.70 ", 3.26 , 91.36 , 1.98 , 8.96 , 1.64 , 75.11 , 11.85 , 90.62 , 8.14 , 50.32 , 0.44 , 20.24 , 24.72 , 9.54 , 3.90 , 35.73 
Mexico,America,Villagrán,2015," 21,139.80 ", 3.22 , 96.09 , 1.75 , 11.13 , 1.72 , 75.11 , 24.90 , 91.67 , 7.19 , 71.57 , 0.36 , 15.15 , 18.92 , 11.37 , 3.90 , 51.36 
Mexico,America,Acapulco de Juárez,2015," 2,078.93 ", 2.72 , 83.96 , 3.37 , 19.16 , 2.29 , 72.47 , 14.72 , 91.32 , 9.60 , 94.35 , 0.44 , 19.20 , 49.93 , 8.27 , 3.90 , 46.50 
Mexico,America,Chilpancingo de los Bravo,2015," 1,911.72 ", 1.90 , 74.66 , 3.30 , 20.08 , 2.72 , 72.47 , 14.68 , 91.09 , 10.46 , 86.42 , 0.47 , 20.66 , 90.02 , 5.99 , 3.90 , 46.00 
Mexico,America,Atotonilco de Tula,2015," 5,549.70 ", 2.97 , 94.38 , 1.12 , 10.51 , 9.10 , 74.08 , 15.18 , 95.03 , 9.00 , 17.94 , 0.41 , 12.13 , 43.57 , 10.02 , 3.90 , 67.42 
Mexico,America,Huejutla de Reyes,2015," 1,078.26 ", 2.14 , 94.69 , 2.27 , 7.04 , 6.38 , 74.08 , 8.40 , 77.51 , 9.93 , 21.39 , 0.50 , 35.29 , 49.92 , 7.38 , 3.90 , 63.26 
Mexico,America,Pachuca de Soto,2015," 4,513.70 ", 2.71 , 97.31 , 7.38 , 32.27 , 0.74 , 74.08 , 15.01 , 96.60 , 11.17 , 54.90 , 0.45 , 8.34 , 17.57 , 8.97 , 3.90 , 47.68 
Mexico,America,Mineral de la Reforma,2015," 1,917.51 ", 2.70 , 98.64 , 0.49 , 30.33 , 3.21 , 74.08 , 20.74 , 97.61 , 11.36 , 10.46 , 0.47 , 5.97 , 4.17 , 9.27 , 3.90 , 42.96 
Mexico,America,Tizayuca,2015," 4,205.48 ", 2.78 , 99.59 , 1.37 , 12.04 , 1.69 , 74.08 , 12.73 , 97.02 , 9.83 , 23.63 , 0.41 , 9.75 , 6.12 , 9.10 , 3.90 , 42.88 
Mexico,America,Tulancingo de Bravo,2015," 2,211.16 ", 2.65 , 98.17 , 2.91 , 15.97 , 2.48 , 74.08 , 13.34 , 92.19 , 8.83 , 34.26 , 0.42 , 18.17 , 16.61 , 7.60 , 3.90 , 51.29 
Mexico,America,Zapotlán el Grande,2015," 5,344.61 ", 2.28 , 98.51 , 3.95 , 27.03 , 12.44 , 75.18 , 11.28 , 95.49 , 10.41 , 7.58 , 0.44 , 6.30 , 3.90 , 6.09 , 3.90 , 53.42 
Mexico,America,Guadalajara,2015," 7,925.74 ", 2.29 , 99.87 , 7.47 , 38.72 , 2.94 , 75.18 , 13.15 , 97.31 , 11.04 , 10.33 , 0.43 , 6.28 , 3.16 , 6.98 , 3.90 , 51.92 
Mexico,America,Ixtlahuacán de los Membrillos,2015," 5,707.85 ", 2.49 , 99.31 , 0.82 , 11.97 , 12.02 , 75.18 , 11.79 , 96.19 , 8.43 , 0.00 , 0.41 , 12.19 , 10.24 , 8.48 , 3.90 , 51.78 
Mexico,America,Juanacatlán,2015, 826.25 , 1.85 , 94.66 , 0.57 , 14.71 , 7.19 , 75.18 , 20.24 , 95.00 , 8.00 , 0.00 , 0.37 , 12.26 , 94.00 , 6.78 , 3.90 , 65.73 
Mexico,America,Lagos de Moreno,2015," 4,501.13 ", 3.40 , 98.69 , 2.55 , 17.37 , 6.16 , 75.18 , 13.22 , 92.38 , 8.61 , 24.94 , 0.43 , 16.60 , 7.08 , 10.80 , 3.90 , 49.60 
Mexico,America,Ocotlán,2015," 7,019.09 ", 2.39 , 93.86 , 2.38 , 5.34 , 4.16 , 75.18 , 18.65 , 94.55 , 9.64 , 15.48 , 0.44 , 9.08 , 8.28 , 6.98 , 3.90 , 49.21 
Mexico,America,Puerto Vallarta,2015," 4,121.94 ", 2.76 , 98.13 , 2.90 , 97.03 , 26.09 , 75.18 , 16.78 , 96.55 , 9.83 , 9.62 , 0.42 , 19.94 , 7.34 , 6.99 , 3.90 , 44.35 
Mexico,America,El Salto,2015," 12,734.98 ", 2.79 , 89.58 , 0.36 , 13.99 , 5.29 , 75.18 , 12.41 , 95.08 , 8.01 , 25.28 , 0.35 , 14.88 , 39.91 , 7.56 , 3.90 , 44.91 
Mexico,America,Tala,2015," 1,582.16 ", 2.74 , 94.43 , 3.13 , 14.40 , 11.95 , 75.18 , 12.92 , 93.97 , 8.48 , 0.00 , 0.38 , 10.97 , 7.53 , 8.19 , 3.90 , 54.06 
Mexico,America,Tlajomulco de Zúñiga,2015," 3,435.09 ", 2.45 , 98.61 , 1.46 , 20.62 , 3.77 , 75.18 , 12.81 , 97.01 , 9.25 , 17.76 , 0.40 , 10.48 , 8.54 , 7.24 , 3.90 , 45.17 
Mexico,America,San Pedro Tlaquepaque,2015," 4,430.39 ", 2.49 , 94.32 , 0.55 , 26.44 , 4.71 , 75.18 , 14.18 , 95.87 , 9.32 , 17.38 , 0.40 , 12.56 , 7.99 , 7.27 , 3.90 , 41.85 
Mexico,America,Tonalá,2015," 1,022.26 ", 2.52 , 88.92 , 0.44 , 20.52 , 0.78 , 75.18 , 14.16 , 96.09 , 9.08 , 12.61 , 0.41 , 9.59 , 8.19 , 6.60 , 3.90 , 38.92 
Mexico,America,Zapopan,2015," 8,008.64 ", 2.20 , 97.05 , 2.07 , 42.42 , 3.06 , 75.18 , 12.07 , 97.12 , 12.16 , 11.33 , 0.47 , 7.27 , 5.26 , 6.33 , 3.90 , 45.48 
Mexico,America,Chalco,2015," 1,348.74 ", 2.80 , 92.96 , 2.28 , 14.94 , 2.60 , 74.89 , 16.11 , 95.00 , 8.31 , 21.45 , 0.39 , 14.49 , 32.93 , 9.64 , 3.90 , 44.42 
Mexico,America,Ecatepec de Morelos,2015," 2,592.96 ", 3.10 , 96.73 , 2.43 , 25.75 , 0.87 , 74.89 , 15.53 , 96.64 , 9.78 , 34.13 , 0.39 , 11.91 , 48.23 , 10.15 , 3.90 , 41.60 
Mexico,America,Huehuetoca,2015," 1,478.95 ", 2.80 , 99.00 , 0.78 , 9.04 , 0.81 , 74.89 , 13.28 , 96.83 , 9.28 , 28.84 , 0.38 , 11.53 , 5.58 , 9.34 , 3.90 , 45.87 
Mexico,America,Lerma,2015," 14,939.45 ", 2.31 , 98.67 , 1.29 , 14.83 , 0.65 , 74.89 , 18.08 , 94.28 , 9.12 , 31.89 , 0.44 , 15.90 , 29.81 , 7.14 , 3.90 , 59.35 
Mexico,America,Naucalpan de Juárez,2015," 5,295.30 ", 2.66 , 98.36 , 2.45 , 31.34 , 0.11 , 74.89 , 15.32 , 96.29 , 11.82 , 28.85 , 0.45 , 7.21 , 14.02 , 8.33 , 3.90 , 45.28 
Mexico,America,Nezahualcóyotl,2015, 996.72 , 2.77 , 95.51 , 1.70 , 27.96 , 7.62 , 74.89 , 16.48 , 96.62 , 9.58 , 21.38 , 0.39 , 11.44 , 15.82 , 9.44 , 3.90 , 47.84 
Mexico,America,Nextlalpan,2015, 364.15 , 2.12 , 91.88 , 0.65 , 10.18 , 2.42 , 74.89 , 14.93 , 87.93 , 8.27 , 23.29 , 0.41 , 27.12 , 29.39 , 6.78 , 3.90 , 62.80 
Mexico,America,Nicolás Romero,2015, 644.20 , 3.25 , 92.41 , 0.50 , 19.26 , 1.23 , 74.89 , 18.11 , 95.39 , 9.14 , 13.67 , 0.40 , 12.41 , 27.19 , 10.07 , 3.90 , 46.89 
Mexico,America,Tecámac,2015," 1,152.96 ", 2.66 , 97.45 , 1.52 , 23.47 , 3.32 , 74.89 , 18.54 , 97.38 , 10.28 , 26.98 , 0.41 , 8.65 , 6.64 , 9.61 , 3.90 , 51.65 
Mexico,America,Tlalnepantla de Baz,2015," 7,563.74 ", 2.91 , 98.71 , 4.24 , 34.80 , 4.20 , 74.89 , 15.06 , 96.72 , 11.08 , 34.08 , 0.44 , 8.65 , 8.24 , 9.91 , 3.90 , 44.87 
Mexico,America,Toluca,2015," 10,686.27 ", 2.78 , 94.21 , 4.73 , 25.71 , 1.58 , 74.89 , 17.43 , 95.49 , 11.22 , 24.87 , 0.46 , 14.57 , 19.65 , 8.74 , 3.90 , 50.90 
Mexico,America,Zumpango,2015, 934.88 , 3.27 , 93.07 , 2.32 , 13.90 , 1.11 , 74.89 , 18.02 , 95.30 , 9.06 , 22.30 , 0.38 , 14.73 , 12.95 , 10.00 , 3.90 , 48.36 
Mexico,America,Lázaro Cárdenas,2015," 6,724.13 ", 2.79 , 95.48 , 3.43 , 20.65 , 3.21 , 74.32 , 10.53 , 91.89 , 10.18 , 64.29 , 0.42 , 13.55 , 14.54 , 8.86 , 3.90 , 43.46 
Mexico,America,Morelia,2015," 4,132.63 ", 2.86 , 95.95 , 3.66 , 28.12 , 6.08 , 74.32 , 13.76 , 95.21 , 11.17 , 52.59 , 0.47 , 12.37 , 14.64 , 8.49 , 3.90 , 53.44 
Mexico,America,La Piedad,2015," 3,190.29 ", 2.43 , 95.93 , 3.87 , 4.74 , 5.78 , 74.32 , 20.05 , 92.03 , 8.53 , 64.10 , 0.40 , 13.52 , 3.94 , 7.50 , 3.90 , 46.51 
Mexico,America,Tarímbaro,2015, 951.32 , 3.06 , 99.72 , 0.91 , 11.14 , 3.27 , 74.32 , 18.68 , 93.04 , 9.18 , 39.12 , 0.47 , 9.96 , 8.94 , 10.57 , 3.90 , 56.16 
Mexico,America,Uruapan,2015," 2,339.36 ", 1.54 , 95.67 , 2.56 , 17.61 , 1.20 , 74.32 , 12.45 , 92.83 , 8.76 , 61.99 , 0.48 , 18.26 , 15.10 , 4.43 , 3.90 , 50.53 
Mexico,America,Zamora,2015," 3,097.27 ", 1.96 , 85.24 , 3.27 , 18.30 , 3.11 , 74.32 , 15.39 , 90.66 , 7.94 , 45.80 , 0.48 , 16.53 , 6.14 , 5.54 , 3.90 , 46.34 
Mexico,America,Cuernavaca,2015," 5,428.50 ", 2.77 , 96.71 , 5.05 , 40.39 , 2.11 , 75.22 , 11.26 , 96.16 , 11.67 , 55.39 , 0.46 , 6.64 , 12.17 , 8.26 , 3.90 , 64.13 
Mexico,America,Temixco,2015," 1,991.37 ", 2.36 , 97.40 , 1.56 , 17.69 , 2.64 , 75.22 , 17.04 , 91.80 , 8.34 , 30.37 , 0.42 , 17.09 , 26.49 , 6.36 , 3.90 , 59.32 
Mexico,America,Tepic,2015," 3,261.13 ", 1.88 , 97.89 , 5.36 , 33.09 , 0.97 , 74.47 , 11.35 , 96.46 , 10.68 , 10.45 , 0.45 , 5.58 , 6.78 , 6.01 , 3.90 , 52.70 
Mexico,America,Bahía de Banderas,2015," 3,863.52 ", 3.38 , 97.26 , 1.66 , 21.85 , 3.38 , 74.47 , 15.31 , 94.87 , 10.55 , 7.16 , 0.42 , 13.49 , 6.91 , 7.97 , 3.90 , 51.98 
Mexico,America,Apodaca,2015," 8,044.35 ", 2.52 , 98.68 , 1.05 , 31.11 , 2.43 , 75.58 , 13.15 , 96.86 , 12.71 , 13.06 , 0.39 , 5.52 , 2.17 , 9.02 , 3.90 , 53.71 
Mexico,America,Cadereyta Jiménez,2015," 20,084.95 ", 1.94 , 98.85 , 2.33 , 22.07 , 6.43 , 75.58 , 8.13 , 96.39 , 11.75 , 45.31 , 0.40 , 7.60 , 3.17 , 7.14 , 3.90 , 55.13 
Mexico,America,El Carmen,2015, 374.64 , 2.33 , 85.02 , 0.61 , 8.48 , 10.12 , 75.58 , 16.81 , 96.41 , 9.35 , 43.66 , 0.36 , 6.57 , 12.11 , 8.80 , 3.90 , 57.01 
Mexico,America,Ciénega de Flores,2015," 3,905.43 ", 2.66 , 99.78 , 0.67 , 11.18 , 20.06 , 75.58 , 8.45 , 96.47 , 8.97 , 54.54 , 0.38 , 6.32 , 6.50 , 8.26 , 3.90 , 53.28 
Mexico,America,García,2015," 7,439.62 ", 2.33 , 97.84 , 0.35 , 11.82 , 5.72 , 75.58 , 14.01 , 96.53 , 12.73 , 22.52 , 0.42 , 13.27 , 8.65 , 7.28 , 3.90 , 55.47 
Mexico,America,General Escobedo,2015," 10,716.10 ", 2.51 , 98.25 , 0.21 , 26.13 , 1.80 , 75.58 , 12.08 , 97.13 , 10.37 , 14.62 , 0.40 , 6.47 , 4.18 , 8.51 , 3.90 , 51.07 
Mexico,America,General Zuazua,2015," 13,590.19 ", 2.22 , 98.94 , 0.06 , 6.37 , 1.45 , 75.58 , 10.26 , 97.80 , 9.51 , 9.65 , 0.36 , 6.95 , 2.68 , 6.64 , 3.90 , 50.51 
Mexico,America,Guadalupe,2015," 5,257.71 ", 2.81 , 97.07 , 1.69 , 38.59 , 3.76 , 75.58 , 13.03 , 96.46 , 12.42 , 10.06 , 0.43 , 3.25 , 2.61 , 10.09 , 3.90 , 58.63 
Mexico,America,Juárez,2015," 1,283.89 ", 2.52 , 97.46 , 0.28 , 13.40 , 3.53 , 75.58 , 10.59 , 96.94 , 12.99 , 15.41 , 0.37 , 6.73 , 3.18 , 8.61 , 3.90 , 50.73 
Mexico,America,Monterrey,2015," 21,253.35 ", 2.64 , 96.59 , 5.43 , 39.34 , 6.35 , 75.58 , 12.43 , 95.51 , 13.06 , 18.58 , 0.46 , 5.56 , 4.02 , 9.61 , 3.90 , 59.65 
Mexico,America,Pesquería,2015," 6,181.33 ", 1.89 , 86.90 , 0.55 , 6.40 , 7.82 , 75.58 , 12.85 , 96.17 , 26.42 , 71.17 ,, 3.48 , 16.91 , 5.46 , 3.90 , 57.32 
Mexico,America,Salinas Victoria,2015," 5,616.70 ", 2.32 , 34.52 , 0.74 , 8.33 , 17.09 , 75.58 , 13.68 , 93.49 , 12.98 , 72.80 , 0.34 , 11.43 , 17.37 , 7.51 , 3.90 , 58.23 
Mexico,America,San Nicolás de los Garza,2015," 12,430.68 ", 2.78 , 98.39 , 3.62 , 49.85 , 2.47 , 75.58 , 11.37 , 97.45 , 13.54 , 10.96 , 0.41 , 2.77 , 0.99 , 9.73 , 3.90 , 62.05 
Mexico,America,Santa Catarina,2015," 11,918.32 ", 2.95 , 98.65 , 0.20 , 31.81 , 3.94 , 75.58 , 11.62 , 96.12 , 10.19 , 20.19 , 0.39 , 8.08 , 3.51 , 9.70 , 3.90 , 55.88 
Mexico,America,Oaxaca de Juárez,2015," 4,665.59 ", 1.98 , 87.95 , 7.07 , 29.99 , 6.34 , 72.52 , 12.54 , 95.56 , 11.31 , 14.87 , 0.47 , 9.34 , 94.88 , 5.48 , 3.90 , 42.17 
Mexico,America,Amozoc,2015," 2,327.81 ", 2.18 , 75.79 , 0.50 , 11.54 , 0.89 , 74.47 , 29.13 , 92.44 , 8.28 , 23.46 , 0.40 , 25.12 , 91.63 , 5.85 , 3.90 , 56.73 
Mexico,America,Coronango,2015," 1,925.58 ", 1.86 , 14.16 , 0.73 , 9.24 , 2.69 , 74.47 , 19.58 , 93.82 , 6.81 , 23.81 , 0.42 , 49.66 , 92.47 , 4.83 , 3.90 , 58.77 
Mexico,America,Huejotzingo,2015," 5,243.41 ", 1.63 , 92.72 , 1.92 , 9.12 , 1.51 , 74.47 , 17.62 , 94.25 , 8.50 , 28.42 , 0.39 , 23.31 , 29.58 , 4.60 , 3.90 , 49.63 
Mexico,America,Puebla,2015," 4,714.24 ", 2.60 , 94.25 , 4.43 , 28.95 , 2.87 , 74.47 , 16.54 , 95.85 , 11.57 , 9.94 , 0.46 , 13.17 , 58.37 , 7.98 , 3.90 , 43.94 
Mexico,America,San Andrés Cholula,2015," 4,515.02 ", 1.63 , 26.64 , 0.30 , 34.39 , 0.89 , 74.47 , 15.34 , 95.83 , 8.87 , 24.52 , 0.43 , 26.48 , 25.36 , 4.34 , 3.90 , 42.48 
Mexico,America,San Pedro Cholula,2015," 2,661.12 ", 1.45 , 70.84 , 1.96 , 26.59 , 3.17 , 74.47 , 27.37 , 95.42 , 10.10 , 13.32 , 0.45 , 12.39 , 22.24 , 3.79 , 3.90 , 46.82 
Mexico,America,Cadereyta de Montes,2015," 1,242.29 ", 4.71 , 96.39 , 3.38 , 1.17 , 5.95 , 75.09 , 12.40 , 86.26 , 7.82 , 17.63 , 0.44 , 40.60 , 38.67 , 11.96 , 3.90 , 64.28 
Mexico,America,El Marqués,2015," 11,680.37 ", 3.42 , 92.33 , 0.83 , 6.94 , 4.46 , 75.09 , 16.88 , 91.75 , 6.96 , 21.63 , 0.35 , 17.51 , 21.54 , 9.33 , 3.90 , 69.45 
Mexico,America,Querétaro,2015," 9,899.01 ", 2.95 , 97.86 , 3.63 , 35.06 , 4.16 , 75.09 , 12.53 , 96.13 , 10.95 , 14.55 , 0.46 , 8.29 , 6.62 , 8.39 , 3.90 , 65.04 
Mexico,America,San Juan del Río,2015," 8,011.96 ", 3.03 , 98.66 , 3.19 , 17.66 , 2.71 , 75.09 , 12.79 , 94.13 , 9.69 , 16.79 , 0.44 , 9.95 , 8.92 , 8.13 , 3.90 , 61.84 
Mexico,America,Othón P. Blanco,2015," 2,440.02 ", 1.52 , 98.41 , 3.66 , 20.73 , 4.38 , 75.34 , 13.00 , 92.34 , 9.52 , 18.37 , 0.46 , 16.91 , 12.65 , 4.89 , 3.90 , 44.94 
Mexico,America,Benito Juárez,2015," 4,320.22 ", 2.35 , 88.13 , 2.20 , 29.22 , 4.06 , 75.34 , 13.48 , 94.93 , 12.63 , 38.01 , 0.45 , 6.69 , 8.99 , 5.74 , 3.90 , 39.84 
Mexico,America,Solidaridad,2015," 7,573.52 ", 2.57 , 99.57 , 3.66 , 18.55 , 6.32 , 75.34 , 14.01 , 94.22 , 11.71 , 23.21 , 0.44 , 8.48 , 17.46 , 4.60 , 3.90 , 33.34 
Mexico,America,San Luis Potosí,2015," 11,193.39 ", 3.41 , 98.26 , 4.54 , 33.00 , 5.56 , 74.26 , 12.35 , 96.69 , 10.88 , 17.99 , 0.46 , 10.16 , 4.57 , 11.34 , 3.90 , 49.66 
Mexico,America,Soledad de Graciano Sánchez,2015," 1,689.38 ", 3.63 , 98.29 , 1.36 , 21.09 , 6.19 , 74.26 , 11.94 , 96.61 , 10.17 , 8.45 , 0.41 , 15.96 , 3.89 , 12.03 , 3.90 , 45.32 
Mexico,America,Ahome,2015," 3,179.23 ", 2.80 , 98.43 , 2.56 , 26.82 , 4.96 , 74.61 , 10.73 , 96.16 , 11.88 , 42.90 , 0.43 , 9.99 , 5.97 , 10.14 , 3.90 , 43.58 
Mexico,America,Culiacán,2015," 3,806.80 ", 1.89 , 98.27 , 3.69 , 33.32 , 6.86 , 74.61 , 9.97 , 95.64 , 10.92 , 63.42 , 0.44 , 10.06 , 3.78 , 6.38 , 3.90 , 33.61 
Mexico,America,Mazatlán,2015," 4,048.14 ", 2.41 , 97.90 , 2.50 , 33.29 , 7.03 , 74.61 , 11.42 , 96.52 , 10.69 , 32.03 , 0.42 , 10.10 , 10.49 , 8.23 , 3.90 , 41.87 
Mexico,America,Agua Prieta,2015," 3,478.11 ", 3.68 , 99.18 , 2.33 , 25.73 , 7.05 , 74.95 , 15.79 , 97.06 , 9.28 , 30.08 , 0.41 , 18.07 , 10.16 , 11.65 , 3.90 , 51.43 
Mexico,America,Caborca,2015," 2,593.32 ", 2.28 , 98.72 , 2.29 , 27.83 , 22.65 , 74.95 , 9.77 , 94.94 , 9.35 , 65.70 , 0.41 , 12.36 , 6.95 , 6.90 , 3.90 , 54.65 
Mexico,America,Cajeme,2015," 5,957.46 ", 2.97 , 98.49 , 5.28 , 31.64 , 8.71 , 74.95 , 13.56 , 96.71 , 10.29 , 45.70 , 0.42 , 7.45 , 4.84 , 11.35 , 3.90 , 56.67 
Mexico,America,Guaymas,2015," 6,040.78 ", 3.24 , 96.90 , 2.81 , 30.39 , 7.50 , 74.95 , 21.08 , 95.79 , 9.94 , 30.20 , 0.42 , 9.48 , 48.21 , 10.87 , 3.90 , 56.25 
Mexico,America,Hermosillo,2015," 11,647.40 ", 3.27 , 97.63 , 3.48 , 41.63 , 4.62 , 74.95 , 15.88 , 97.40 , 11.78 , 21.11 , 0.44 , 7.21 , 5.80 , 10.65 , 3.90 , 55.45 
Mexico,America,Nogales,2015," 5,789.72 ", 3.65 , 78.87 , 1.87 , 29.93 , 4.64 , 74.95 , 23.41 , 97.62 , 10.40 , 35.66 , 0.40 , 9.88 , 4.03 , 10.91 , 3.90 , 43.83 
Mexico,America,Centro,2015," 8,181.57 ", 2.15 , 97.65 , 5.67 , 25.18 , 4.30 , 74.43 , 17.18 , 95.29 , 11.52 , 29.70 , 0.47 , 10.74 , 6.64 , 7.05 , 3.90 , 67.72 
Mexico,America,Nacajuca,2015, 484.35 , 3.25 , 98.53 , 1.28 , 9.72 , 3.91 , 74.43 , 14.01 , 90.33 , 9.47 , 9.19 , 0.44 , 20.65 , 12.40 , 10.33 , 3.90 , 73.43 
Mexico,America,Altamira,2015," 9,907.58 ", 3.44 , 99.02 , 1.19 , 15.00 , 10.86 , 75.24 , 15.61 , 94.30 , 11.57 , 43.22 , 0.41 , 20.68 , 11.11 , 10.89 , 3.90 , 47.33 
Mexico,America,Matamoros,2015," 4,655.19 ", 4.00 , 94.45 , 2.65 , 23.22 , 5.65 , 75.24 , 16.01 , 95.16 , 11.63 , 49.88 , 0.42 , 12.30 , 6.05 , 13.10 , 3.90 , 45.99 
Mexico,America,Nuevo Laredo,2015," 4,496.56 ", 2.99 , 98.38 , 2.25 , 27.42 , 8.89 , 75.24 , 14.99 , 94.90 , 12.15 , 33.93 , 0.41 , 12.46 , 5.59 , 10.87 , 3.90 , 47.22 
Mexico,America,Reynosa,2015," 14,222.59 ", 2.27 , 98.32 , 2.41 , 22.49 , 6.52 , 75.24 , 14.73 , 95.14 , 12.05 , 32.96 , 0.41 , 10.47 , 7.94 , 5.97 , 3.90 , 35.05 
Mexico,America,Tampico,2015," 4,775.37 ", 2.89 , 98.79 , 3.33 , 38.23 , 4.58 , 75.24 , 14.12 , 95.82 , 12.39 , 33.81 , 0.44 , 8.73 , 5.24 , 11.31 , 3.90 , 46.39 
Mexico,America,Victoria,2015," 3,360.29 ", 1.96 , 97.63 , 5.76 , 34.35 , 6.69 , 75.24 , 11.85 , 95.51 , 12.50 , 29.29 , 0.46 , 6.74 , 8.01 , 8.74 , 3.90 , 59.09 
Mexico,America,Tlaxcala,2015," 3,695.15 ", 2.49 , 99.02 , 11.67 , 31.72 , 1.05 , 74.83 , 11.99 , 97.49 , 12.03 , 27.98 , 0.46 , 9.52 , 13.55 , 8.79 , 3.90 , 55.26 
Mexico,America,Boca del Río,2015," 5,732.14 ", 2.08 , 98.48 , 0.87 , 39.15 , 4.32 , 73.75 , 19.17 , 96.07 , 10.63 , 17.97 , 0.46 , 9.74 , 9.99 , 7.46 , 3.90 , 54.32 
Mexico,America,Coatzacoalcos,2015," 19,990.70 ", 2.40 , 95.27 , 3.35 , 28.33 , 4.37 , 73.75 , 15.12 , 94.71 , 9.87 , 7.11 , 0.44 , 9.54 , 15.05 , 7.86 , 3.90 , 44.79 
Mexico,America,Cosoleacaque,2015," 1,636.41 ", 2.32 , 78.04 , 0.96 , 17.63 , 8.01 , 73.75 , 17.86 , 91.95 , 8.79 , 13.45 , 0.47 , 14.14 , 20.41 , 7.21 , 3.90 , 48.07 
Mexico,America,Xalapa,2015," 2,466.63 ", 1.95 , 99.39 , 5.00 , 34.68 , 5.18 , 73.75 , 14.06 , 95.59 , 11.16 , 10.65 , 0.46 , 12.23 , 10.92 , 6.54 , 3.90 , 42.25 
Mexico,America,Medellín,2015," 2,046.34 ", 1.66 , 93.08 , 0.67 , 12.45 , 1.43 , 73.75 , 22.88 , 93.39 , 10.00 , 2.78 , 0.42 , 12.81 , 3.76 , 5.47 , 3.90 , 47.38 
Mexico,America,Minatitlán,2015," 13,911.09 ", 2.00 , 85.47 , 4.67 , 24.12 , 0.62 , 73.75 , 11.39 , 92.41 , 9.73 , 11.04 , 0.47 , 15.38 , 8.67 , 6.87 , 3.90 , 46.27 
Mexico,America,Naolinco,2015, 605.24 , 0.79 , 98.61 , 2.81 , 7.98 , 71.45 , 73.75 , 5.39 , 86.82 , 8.59 , 18.90 , 0.42 , 25.47 , 24.39 , 2.05 , 3.90 , 73.04 
Mexico,America,Veracruz,2015," 8,706.90 ", 2.32 , 97.24 , 6.36 , 29.45 , 2.09 , 73.75 , 12.32 , 96.12 , 10.72 , 15.34 , 0.47 , 8.71 , 8.02 , 7.72 , 3.90 , 41.57 
Mexico,America,Kanasín,2015," 1,065.45 ", 1.83 , 95.55 , 0.71 , 9.16 , 1.07 , 75.25 , 25.90 , 92.23 , 8.53 , 13.39 , 0.40 , 18.37 , 13.52 , 5.42 , 3.90 , 53.54 
Mexico,America,Mérida,2015," 7,239.20 ", 1.56 , 97.20 , 5.31 , 34.20 , 0.23 , 75.25 , 11.84 , 95.66 , 11.84 , 5.08 , 0.45 , 8.22 , 5.60 , 5.39 , 3.90 , 54.83 
Mexico,America,Umán,2015," 10,363.42 ", 1.36 , 97.04 , 2.61 , 8.78 , 1.93 , 75.25 , 20.03 , 91.66 , 7.94 , 11.51 , 0.39 , 17.88 , 19.28 , 4.59 , 3.90 , 59.53 
Mexico,America,Guadalupe,2015," 2,794.45 ", 2.34 , 96.92 , 2.18 , 29.53 , 5.15 , 74.81 , 11.74 , 96.95 , 10.83 , 3.93 , 0.46 , 11.75 , 19.22 , 7.43 , 3.90 , 45.50 
Mexico,America,Zacatecas,2015," 3,569.78 ", 2.23 , 98.42 , 9.05 , 36.16 , 2.80 , 74.81 , 10.35 , 97.36 , 11.29 , 9.74 , 0.47 , 9.07 , 13.55 , 8.24 , 3.90 , 50.52 
Panama,America,Panama City,2014," 7,974.23 ", 6.95 , 95.81 , 2.60 , 33.59 , 7.20 , 78.60 , 13.10 , 98.18 , 9.53 , 32.78 , 0.47 , 13.20 , 37.00 , 10.20 , 2.62 , 76.76 
Peru,America,Lima,2014," 11,945.44 ", 5.03 , 93.40 , 1.19 , 48.20 , 27.20 , 79.45 , 1.60 , 97.70 , 11.10 , 26.00 , 0.33 , 0.70 , 22.40 , 12.33 , 1.76 , 81.01 
Canada,America,Montreal,2015," 42,028.96 ", 7.77 , 100.00 , 1.99 , 76.20 , 6.10 , 81.50 , 5.20 , 98.00 , 12.30 , 1.60 , 0.29 , 0.34 , 1.00 , 13.01 , 13.02 , 61.11 
Canada,America,Toronto,2015," 43,575.64 ", 7.80 , 100.00 , 1.84 , 83.30 , 6.10 , 81.80 , 5.20 , 98.00 , 12.30 , 1.30 , 0.31 , 0.34 , 1.00 , 16.10 , 14.82 , 61.11 
United States,America,Chicago,2015," 52,715.64 ", 8.69 , 100.00 , 2.62 , 67.00 , 10.60 , 79.00 , 6.90 , 98.00 , 12.90 , 4.70 , 0.40 , 1.67 , 1.00 , 19.42 , 16.88 , 61.00 
United States,America,New York,2015," 51,603.63 ", 8.89 , 100.00 , 3.51 , 68.00 , 10.60 , 80.50 , 6.90 , 98.00 , 12.90 , 5.10 , 0.40 , 1.67 , 1.00 , 15.67 , 17.71 , 58.00 
China,Asia,Beijing,2015," 16,899.05 ", 1.21 , 98.00 , 2.04 , 45.80 , 4.07 , 75.35 , 13.00 , 98.48 , 7.50 , 0.16 , 0.32 , 6.26 , -- , 10.10 , 6.19 , -   
China,Asia,Hong Kong,2015," 38,123.52 ", 3.40 , 95.50 , 2.04 , 45.80 , 1.38 , 83.75 , 13.00 , 95.12 , 10.00 , 0.40 , 0.49 , 1.00 , 51.00 , 9.10 , 6.19 , 18.49 
China,Asia,Shanghai,2015," 16,425.22 ", 3.98 , 98.00 , 2.04 , 45.80 , 3.78 , 75.35 , 13.00 , 96.36 , 7.50 , 0.16 , 0.32 , 6.26 , -- , 10.10 , 6.19 , -   
Japan,Asia,Osaka,2015," 113,504.51 ", 4.96 , 100.00 , 2.41 , 78.50 , 4.10 , 82.70 , 2.90 , 98.00 , 11.50 , 0.30 , 0.34 , 0.35 , 1.00 , 6.90 , 7.06 , 59.00 
Japan,Asia,Tokyo,2015," 35,711.93 ", 4.62 , 100.00 , 2.12 , 86.00 , 4.10 , 83.00 , 2.90 , 97.36 , 11.50 , 0.20 , 0.34 , 0.35 , 1.00 , 5.84 , 6.80 , 52.66 
Mongolia,Asia,Ulaanbaatar,2015," 13,991.29 ", 4.60 , 69.90 , 4.02 , 24.50 , 17.78 , 70.65 , 111.00 , 98.26 , 8.30 , 10.88 , 0.37 , 5.20 , 46.10 , 17.10 , 6.64 , 66.79 
Indonesia,Asia,Jakarta,2015," 32,428.15 ", 9.48 , 94.80 , 0.20 , 63.44 , 12.09 , 70.82 , 31.00 , 98.83 , 7.50 , 0.76 , 0.43 , 2.68 , 39.90 , 19.56 , 1.80 , 69.58 
Singapore,Asia,Singapore,2015," 78,763.38 ", 2.00 , 100.00 , 2.00 , 73.00 , 2.94 , 82.10 , 2.70 , 96.50 , 10.50 , 0.20 , 0.46 , 1.00 , -- , 6.70 , 2.66 , 94.65 
Thailand,Asia,Bangkok,2015," 53,335.68 ", 0.13 , 100.00 , 1.07 , 22.22 , 41.19 , 74.40 , 13.10 , 97.50 , 7.30 , 3.84 , 0.40 , 0.31 , 9.90 , 0.61 , 3.22 , 46.79 
Vietnam,Asia,Can Tho,2015," 5,338.37 ", 5.30 , 70.20 , 1.45 , 19.42 ,, 75.50 , 16.00 , 94.00 , 10.60 , 1.10 , 0.38 , 32.18 , 38.60 , 4.40 , 1.70 , 99.82 
Vietnam,Asia,Da Nang,2015," 6,260.45 ", 4.70 , 98.70 , 1.42 , 32.82 , 9.30 , 74.80 , 16.40 , 98.05 , 10.60 ,, 0.37 , 5.10 , 5.10 , 5.00 , 1.70 , 99.89 
Vietnam,Asia,Ha Noi,2015," 5,038.02 ", 6.70 , 99.90 , 1.55 , 25.20 , 8.07 , 74.90 , 16.00 , 99.10 , 12.50 , 0.62 , 0.34 , 10.40 , 6.00 , 3.10 , 2.73 , 98.98 
Vietnam,Asia,Hai Phong,2015," 5,406.18 ", 4.20 , 99.70 , 0.87 , 19.39 , 4.60 , 74.50 , 17.70 , 98.40 , 10.00 ,, 0.32 , 6.50 , 10.10 , 4.50 , 1.70 , 99.42 
Vietnam,Asia,Ho Chi Minh,2015," 4,931.45 ", 5.88 , 99.30 , 1.53 , 33.96 , 9.00 , 75.80 , 13.40 , 97.30 , 10.30 , 1.30 , 0.35 , 0.30 , 5.20 , 3.70 , 4.70 , 99.36 
Austria,Europe,Vienna,2015," 42,873.16 ", 6.54 , 100.00 , 6.62 , 79.70 , 5.40 , 80.00 , 3.90 , 98.00 , 10.80 , 1.40 , 0.31 , 0.50 , 1.00 , 14.96 , 14.23 , 75.00 
Belgium,Europe,Brussels,2015," 40,179.41 ", 11.34 , 100.00 , 5.92 , 74.00 , 6.50 , 80.40 , 4.40 , 98.00 , 10.90 , 2.60 , 0.35 , 0.50 , 1.00 , 39.89 , 9.48 , 89.37 
Czech Republic,Europe,Prague,2015," 31,332.36 ", 3.60 , 100.00 , 7.53 , 72.70 , 6.10 , 79.60 , 3.60 , 98.00 , 12.30 , 1.40 , 0.29 , 0.03 , 1.00 , 9.66 , 13.04 , 59.08 
Denmark,Europe,Copenhagen,2015," 45,665.92 ", 7.86 , 100.00 , 3.02 , 84.00 , 3.40 , 79.60 , 3.50 , 98.00 , 12.10 , 1.10 , 0.24 , 0.67 , 1.00 , 13.81 , 7.05 , 87.74 
Finland,Europe,Helsinki,2015," 46,413.90 ", 7.10 , 100.00 , 4.40 , 92.00 , 4.80 , 80.90 , 2.60 , 98.00 , 10.30 , 2.00 , 0.27 , -   , 1.00 , 17.19 , 15.78 , 68.86 
France,Europe,Paris,2015," 41,737.50 ", 8.55 , 100.00 , 4.04 , 81.30 , 5.10 , 83.60 , 4.20 , 98.00 , 11.10 , 1.60 , 0.34 , 0.33 , 1.00 , 18.35 , 7.91 , 80.35 
Germany,Europe,Berlin,2015," 43,567.81 ", 10.06 , 100.00 , 4.54 , 83.30 , 4.00 , 80.80 , 3.90 , 98.00 , 12.90 , 1.00 , 0.28 , 0.34 , 1.00 , 14.37 , 12.10 , 71.53 
Greece,Europe,Athens,2015," 27,853.60 ", 25.35 , 100.00 , 8.48 , 60.70 , 7.90 , 80.50 , 4.40 , 98.00 , 10.20 , 2.42 , 0.32 , 1.37 , 1.00 , 60.59 , 5.13 , 62.47 
Hungary,Europe,Budapest,2015," 25,021.27 ", 9.23 , 100.00 , 3.88 , 75.30 , 5.90 , 76.50 , 6.10 , 98.00 , 11.30 , 1.60 , 0.28 , 0.05 , 1.00 , 25.85 , 9.45 , 61.84 
Ireland,Europe,Dublin,2015," 45,042.34 ", 14.09 , 97.07 , 3.13 , 69.00 , 4.10 , 81.04 , 3.80 , 98.00 , 11.60 , 2.00 , 0.40 , 0.36 , 4.90 , 26.70 , 12.37 , 56.11 
Italy,Europe,Milan,2015," 41,330.99 ", 7.48 , 100.00 , 4.10 , 63.30 , 6.00 , 82.90 , 3.60 , 99.02 , 10.10 , 0.90 , 0.30 , 1.35 , 1.00 , 30.80 , 7.43 , 75.19 
Netherlands,Europe,Amsterdam-Utrecht,2015," 45,983.41 ", 5.40 , 100.00 , 2.87 , 85.00 , 3.40 , 80.80 , 4.00 , 98.00 , 11.90 , 4.42 , 0.27 , 0.35 , 1.00 , 11.82 , 15.06 , 74.56 
Norway,Europe,Oslo,2015," 68,917.01 ", 3.19 , 100.00 , 5.39 , 88.30 , 3.70 , 81.70 , 2.80 , 98.00 , 12.60 , 3.20 , 0.29 , 0.67 , 1.00 , 10.29 , 14.61 , 78.23 
Poland,Europe,Warsaw,2015," 26,383.82 ", 8.00 , 100.00 , 2.56 , 67.00 , 8.80 , 77.20 , 5.20 , 99.74 , 11.80 , 1.20 , 0.30 , -   , 1.00 , 19.32 , 8.33 , 55.00 
Portugal,Europe,Lisbon,2015," 25,491.93 ", 17.46 , 100.00 , 5.62 , 70.30 , 6.80 , 80.70 , 4.20 , 94.74 , 9.60 , 0.60 , 0.35 , 0.50 , 1.00 , 45.49 , 5.10 , 58.00 
Spain,Europe,Barcelona,2015," 33,582.49 ", 22.65 , 100.00 , 3.16 , 70.30 , 3.60 , 82.70 , 4.20 , 98.00 , 9.60 , 0.80 , 0.30 , 2.34 , 1.00 , 50.68 , 5.74 , 68.94 
Spain,Europe,Madrid,2015," 36,815.94 ", 19.24 , 100.00 , 5.45 , 75.30 , 3.60 , 84.00 , 4.20 , 98.00 , 9.60 , 0.90 , 0.32 , 2.34 , 1.00 , 48.86 , 7.14 , 68.94 
Sweden,Europe,Stockholm,2015," 50,076.59 ", 6.87 , 100.00 , 4.55 , 90.00 , 2.70 , 82.20 , 4.20 , 98.00 , 12.20 , 0.70 , 0.30 , 0.35 , 1.00 , 19.85 , 6.17 , 85.00 
Switzerland,Europe,Zurich,2015," 59,338.52 ", 3.60 , 100.00 , 4.66 , 83.00 , 3.30 , 82.90 , 3.00 , 98.00 , 11.70 , 0.60 , 0.32 , 0.50 , 1.00 , 6.85 , 6.70 , 20.50 
United Kingdom,Europe,London,2015," 37,929.24 ", 8.10 , 100.00 , 3.41 , 89.70 , 2.80 , 81.40 , 4.60 , 98.00 , 12.30 , 1.30 , 0.41 , 1.01 , 1.00 , 24.66 , 7.87 , 65.80 
United Kingdom,Europe,Manchester,2015," 36,030.00 ", 8.74 , 100.00 , 2.73 , 83.00 , 2.80 , 79.40 , 4.60 , 98.00 , 12.30 , 1.30 , 0.30 , 1.01 , 1.00 , 19.25 , 5.69 , 65.80 
Australia,Oceania,Melbourne,2015," 44,646.55 ", 5.47 , 100.00 , 3.51 , 74.50 , 5.10 , 82.40 , 4.00 , 98.00 , 12.80 , 1.10 , 0.33 , 1.20 , 1.00 , 12.52 , 16.93 , 93.23 
Australia,Oceania,Sydney,2015," 43,519.25 ", 5.74 , 100.00 , 3.52 , 74.00 , 5.10 , 82.00 , 4.00 , 98.00 , 12.80 , 1.10 , 0.34 , 0.50 , 1.00 , 11.83 , 16.93 , 93.23 
,,,,,,,,,,,,,,,,,,,,